date,topic,text,sentiment,location,likes,retweets
2024-05-19,ProductB,This is a positive tweet about ProductB,positive,Canada,529,408
2024-05-15,BrandX,This is a positive tweet about ProductB,negative,UK,916,91
2024-04-14,BrandY,This is a positive tweet about ProductB,negative,India,363,162
2024-06-29,ProductA,This is a negative tweet about BrandZ,negative,Canada,324,85
2024-03-04,BrandY,This is a neutral tweet about BrandZ,positive,USA,5,221
2024-01-30,BrandZ,This is a neutral tweet about BrandZ,negative,Australia,435,347
2024-02-14,BrandZ,This is a negative tweet about BrandY,neutral,Canada,912,379
2024-07-13,ProductB,This is a negative tweet about ProductB,negative,USA,165,134
2024-06-13,ProductB,This is a positive tweet about BrandY,negative,India,583,274
2024-02-02,ProductA,This is a negative tweet about ProductA,neutral,Canada,4,469
2024-04-28,BrandZ,This is a negative tweet about ProductA,neutral,India,590,276
2024-06-30,BrandY,This is a negative tweet about BrandY,positive,UK,129,178
2024-06-28,ProductB,This is a negative tweet about BrandY,positive,UK,603,183
2024-05-02,BrandX,This is a neutral tweet about BrandY,positive,India,166,131
2024-04-28,ProductB,This is a neutral tweet about BrandZ,positive,USA,224,484
2024-07-16,BrandZ,This is a positive tweet about ProductA,neutral,India,81,484
2024-02-28,BrandZ,This is a negative tweet about BrandZ,positive,Australia,531,38
2024-05-31,BrandZ,This is a positive tweet about BrandZ,neutral,Canada,314,31
2024-06-15,BrandY,This is a negative tweet about BrandZ,positive,Australia,635,499
2024-06-10,ProductB,This is a negative tweet about ProductA,negative,USA,635,247
2024-02-13,BrandZ,This is a neutral tweet about BrandY,negative,Canada,761,120
2024-07-31,BrandY,This is a positive tweet about BrandY,neutral,UK,75,281
2024-06-28,ProductA,This is a negative tweet about ProductB,neutral,UK,368,186
2024-02-03,ProductB,This is a negative tweet about BrandX,negative,UK,514,486
2024-02-18,ProductA,This is a positive tweet about ProductB,negative,Australia,773,449
2024-01-24,BrandY,This is a positive tweet about ProductB,positive,USA,482,173
2024-03-14,ProductB,This is a positive tweet about BrandZ,positive,India,811,403
2024-02-26,BrandY,This is a positive tweet about ProductA,positive,UK,822,355
2024-07-14,BrandZ,This is a positive tweet about BrandY,negative,UK,960,263
2024-06-21,BrandZ,This is a negative tweet about BrandY,positive,USA,835,94
2024-07-12,ProductB,This is a neutral tweet about BrandY,negative,Australia,110,263
2024-01-01,ProductB,This is a neutral tweet about ProductB,positive,India,65,36
2024-02-09,BrandY,This is a negative tweet about BrandZ,neutral,UK,54,75
2024-04-20,BrandY,This is a neutral tweet about BrandX,positive,Australia,9,87
2024-07-12,BrandX,This is a positive tweet about ProductA,negative,UK,347,439
2024-04-13,BrandZ,This is a negative tweet about BrandZ,negative,UK,510,74
2024-05-14,ProductB,This is a positive tweet about BrandY,positive,India,517,318
2024-03-13,BrandX,This is a negative tweet about BrandY,positive,UK,281,143
2024-04-04,ProductB,This is a neutral tweet about BrandZ,negative,UK,519,142
2024-01-15,BrandY,This is a neutral tweet about ProductA,negative,UK,420,285
2024-05-16,BrandX,This is a neutral tweet about BrandX,positive,India,759,328
2024-05-31,BrandZ,This is a positive tweet about ProductB,positive,Australia,577,313
2024-01-27,BrandY,This is a negative tweet about BrandZ,neutral,UK,198,420
2024-04-12,ProductB,This is a neutral tweet about ProductB,neutral,UK,665,412
2024-02-21,ProductA,This is a negative tweet about BrandX,positive,Australia,321,149
2024-07-03,ProductB,This is a neutral tweet about ProductB,neutral,Canada,864,268
2024-04-26,BrandX,This is a negative tweet about BrandY,positive,USA,480,383
2024-04-21,ProductA,This is a positive tweet about BrandX,negative,Australia,897,447
2024-05-17,ProductA,This is a neutral tweet about BrandX,positive,Canada,959,147
2024-03-12,BrandY,This is a positive tweet about ProductB,negative,Australia,874,490
2024-03-18,BrandZ,This is a negative tweet about BrandZ,neutral,UK,978,468
2024-01-28,BrandZ,This is a positive tweet about ProductB,positive,USA,854,275
2024-06-07,BrandX,This is a positive tweet about ProductB,neutral,India,167,92
2024-07-17,BrandY,This is a negative tweet about BrandX,positive,USA,60,488
2024-02-11,BrandY,This is a neutral tweet about ProductB,neutral,UK,823,124
2024-03-28,ProductA,This is a positive tweet about BrandZ,positive,Australia,327,197
2024-04-25,BrandX,This is a negative tweet about BrandY,negative,UK,177,115
2024-04-19,ProductA,This is a neutral tweet about ProductB,neutral,USA,631,22
2024-05-15,BrandX,This is a negative tweet about ProductB,neutral,Australia,763,350
2024-06-09,ProductB,This is a negative tweet about BrandX,neutral,India,344,133
2024-02-28,ProductB,This is a negative tweet about BrandY,positive,Canada,443,10
2024-02-29,ProductB,This is a neutral tweet about BrandX,neutral,Australia,804,473
2024-05-04,BrandY,This is a positive tweet about ProductA,negative,UK,504,37
2024-06-30,ProductB,This is a positive tweet about BrandY,neutral,Australia,795,196
2024-03-09,ProductB,This is a neutral tweet about BrandX,neutral,Australia,26,117
2024-06-17,ProductA,This is a positive tweet about BrandX,negative,India,752,489
2024-03-04,ProductB,This is a positive tweet about BrandX,positive,Canada,371,223
2024-05-31,ProductB,This is a negative tweet about ProductB,neutral,Canada,156,350
2024-01-24,BrandY,This is a neutral tweet about BrandZ,negative,USA,82,106
2024-02-28,BrandX,This is a positive tweet about ProductB,negative,UK,890,154
2024-02-26,BrandY,This is a positive tweet about BrandZ,positive,India,49,146
2024-01-03,ProductB,This is a negative tweet about ProductB,negative,India,802,200
2024-02-25,BrandZ,This is a neutral tweet about BrandX,neutral,India,738,151
2024-04-16,ProductB,This is a positive tweet about BrandY,positive,Australia,625,284
2024-06-07,BrandX,This is a neutral tweet about BrandZ,neutral,India,668,489
2024-01-20,BrandX,This is a neutral tweet about BrandY,negative,USA,764,82
2024-02-16,BrandZ,This is a negative tweet about BrandZ,neutral,India,167,8
2024-02-09,ProductB,This is a neutral tweet about BrandX,positive,USA,246,190
2024-07-26,ProductA,This is a positive tweet about BrandX,neutral,UK,545,304
2024-04-01,BrandZ,This is a neutral tweet about BrandX,negative,UK,60,70
2024-02-21,BrandZ,This is a positive tweet about ProductB,positive,India,772,66
2024-07-08,ProductB,This is a neutral tweet about ProductA,negative,USA,831,418
2024-07-17,BrandY,This is a positive tweet about BrandY,negative,Australia,485,124
2024-01-19,BrandZ,This is a neutral tweet about BrandY,negative,USA,162,451
2024-03-24,ProductA,This is a positive tweet about BrandY,negative,India,613,8
2024-04-04,ProductB,This is a positive tweet about ProductB,positive,Canada,452,62
2024-05-28,ProductA,This is a positive tweet about ProductA,negative,UK,64,199
2024-04-06,ProductA,This is a positive tweet about ProductB,positive,India,985,304
2024-06-16,BrandY,This is a negative tweet about BrandY,positive,Australia,338,377
2024-06-14,BrandX,This is a negative tweet about ProductA,positive,Canada,514,325
2024-05-29,ProductB,This is a negative tweet about BrandZ,positive,USA,486,285
2024-07-16,ProductA,This is a positive tweet about ProductA,positive,USA,577,117
2024-04-22,BrandZ,This is a positive tweet about BrandZ,positive,USA,707,441
2024-07-16,ProductA,This is a positive tweet about ProductB,positive,UK,540,98
2024-01-17,ProductA,This is a neutral tweet about ProductA,neutral,Australia,538,302
2024-01-30,ProductB,This is a positive tweet about BrandY,negative,Australia,61,334
2024-06-26,ProductA,This is a negative tweet about ProductB,positive,USA,786,172
2024-04-09,BrandZ,This is a negative tweet about BrandY,neutral,Australia,135,450
2024-06-15,ProductB,This is a neutral tweet about ProductB,negative,India,386,436
2024-02-20,ProductB,This is a negative tweet about ProductB,neutral,Canada,184,302
2024-07-30,ProductA,This is a neutral tweet about ProductA,negative,Canada,183,418
2024-06-06,ProductB,This is a positive tweet about ProductB,negative,India,289,317
2024-05-28,ProductB,This is a neutral tweet about ProductB,positive,India,61,212
2024-07-26,ProductA,This is a neutral tweet about ProductB,negative,USA,408,425
2024-02-19,ProductB,This is a positive tweet about ProductA,negative,UK,932,97
2024-04-13,BrandX,This is a neutral tweet about ProductB,neutral,Canada,643,14
2024-06-03,ProductA,This is a neutral tweet about BrandZ,positive,USA,721,199
2024-06-03,BrandZ,This is a negative tweet about ProductA,positive,USA,624,262
2024-03-04,ProductB,This is a neutral tweet about ProductA,positive,Canada,245,342
2024-06-18,ProductB,This is a negative tweet about ProductA,negative,UK,456,323
2024-01-23,BrandX,This is a negative tweet about ProductB,neutral,USA,56,114
2024-05-04,BrandZ,This is a neutral tweet about BrandX,positive,India,630,465
2024-06-20,ProductB,This is a negative tweet about BrandX,positive,India,481,479
2024-05-24,BrandZ,This is a negative tweet about BrandY,positive,UK,784,424
2024-07-15,BrandY,This is a positive tweet about ProductB,positive,India,803,164
2024-04-11,BrandZ,This is a positive tweet about ProductB,neutral,India,585,296
2024-02-07,ProductB,This is a neutral tweet about BrandY,negative,India,92,100
2024-03-09,ProductA,This is a negative tweet about ProductB,negative,India,467,459
2024-07-19,BrandZ,This is a negative tweet about ProductB,neutral,USA,522,110
2024-01-17,ProductB,This is a neutral tweet about BrandZ,positive,USA,630,123
2024-05-22,ProductB,This is a positive tweet about BrandX,negative,India,197,467
2024-06-03,ProductB,This is a neutral tweet about BrandX,negative,Canada,362,247
2024-07-01,BrandY,This is a negative tweet about BrandX,neutral,Canada,135,151
2024-07-23,BrandX,This is a negative tweet about BrandY,positive,Australia,943,176
2024-05-15,ProductB,This is a positive tweet about ProductB,neutral,USA,246,155
2024-03-22,BrandY,This is a positive tweet about BrandX,negative,USA,937,175
2024-03-10,ProductB,This is a negative tweet about BrandY,neutral,Australia,290,6
2024-03-08,ProductB,This is a positive tweet about BrandZ,negative,UK,440,150
2024-06-02,BrandX,This is a negative tweet about ProductB,neutral,USA,633,247
2024-07-08,ProductA,This is a negative tweet about ProductA,negative,USA,163,138
2024-04-11,BrandZ,This is a positive tweet about ProductB,neutral,UK,516,468
2024-05-01,ProductB,This is a negative tweet about BrandZ,neutral,USA,609,440
2024-02-20,ProductB,This is a negative tweet about ProductA,negative,UK,94,77
2024-07-30,BrandZ,This is a negative tweet about BrandX,positive,Australia,504,239
2024-06-25,BrandZ,This is a negative tweet about BrandX,neutral,UK,856,287
2024-02-20,ProductA,This is a negative tweet about BrandX,neutral,Canada,292,57
2024-04-03,ProductA,This is a positive tweet about BrandY,positive,UK,682,203
2024-01-17,BrandX,This is a positive tweet about BrandX,neutral,UK,220,429
2024-07-30,BrandZ,This is a neutral tweet about BrandY,neutral,Australia,645,21
2024-07-30,BrandZ,This is a neutral tweet about BrandY,neutral,Canada,544,257
2024-07-01,BrandX,This is a negative tweet about ProductB,negative,UK,579,66
2024-02-25,BrandY,This is a positive tweet about BrandX,negative,Australia,427,452
2024-01-03,BrandX,This is a negative tweet about BrandY,negative,UK,155,357
2024-04-21,BrandX,This is a neutral tweet about BrandY,negative,Australia,756,458
2024-01-06,BrandY,This is a neutral tweet about ProductA,neutral,Canada,826,283
2024-05-14,ProductB,This is a negative tweet about BrandZ,positive,India,826,32
2024-07-22,BrandX,This is a positive tweet about BrandX,positive,UK,534,455
2024-06-13,BrandY,This is a neutral tweet about ProductB,neutral,USA,370,61
2024-07-17,BrandX,This is a neutral tweet about ProductA,negative,Australia,373,458
2024-04-05,BrandY,This is a neutral tweet about ProductA,neutral,Australia,129,449
2024-01-23,BrandX,This is a negative tweet about ProductB,neutral,UK,581,370
2024-07-22,ProductA,This is a positive tweet about BrandZ,neutral,Australia,163,274
2024-02-09,BrandY,This is a neutral tweet about ProductB,negative,USA,194,140
2024-04-26,BrandY,This is a neutral tweet about BrandX,positive,UK,462,206
2024-05-12,BrandX,This is a negative tweet about ProductA,neutral,Canada,524,490
2024-01-23,BrandY,This is a negative tweet about BrandX,negative,Australia,237,13
2024-07-29,ProductA,This is a neutral tweet about ProductB,negative,Australia,114,356
2024-05-02,BrandX,This is a positive tweet about BrandX,neutral,USA,361,379
2024-04-09,ProductB,This is a negative tweet about BrandX,neutral,Canada,7,264
2024-05-31,BrandZ,This is a negative tweet about ProductA,neutral,Canada,25,384
2024-05-03,BrandZ,This is a neutral tweet about ProductA,neutral,Canada,754,370
2024-04-28,ProductB,This is a positive tweet about BrandX,negative,India,548,174
2024-01-18,BrandY,This is a positive tweet about BrandZ,neutral,India,244,246
2024-07-31,ProductA,This is a neutral tweet about BrandY,negative,Canada,673,97
2024-04-26,BrandY,This is a positive tweet about BrandX,positive,India,786,479
2024-04-09,ProductB,This is a negative tweet about ProductB,neutral,India,148,288
2024-01-25,ProductB,This is a neutral tweet about ProductB,positive,Australia,677,409
2024-01-20,ProductB,This is a neutral tweet about ProductA,neutral,USA,855,74
2024-04-30,ProductB,This is a neutral tweet about ProductA,positive,USA,495,325
2024-07-15,ProductA,This is a negative tweet about BrandZ,neutral,UK,729,26
2024-02-16,ProductB,This is a positive tweet about ProductB,negative,USA,453,220
2024-06-13,BrandY,This is a neutral tweet about BrandZ,positive,USA,254,255
2024-05-25,ProductB,This is a negative tweet about ProductA,neutral,Canada,827,372
2024-06-19,BrandX,This is a negative tweet about BrandZ,negative,Australia,87,205
2024-05-05,BrandX,This is a positive tweet about BrandZ,negative,Canada,320,440
2024-04-11,ProductB,This is a positive tweet about ProductA,negative,UK,735,429
2024-05-30,ProductB,This is a neutral tweet about ProductA,negative,Canada,2,70
2024-05-22,BrandX,This is a positive tweet about ProductB,negative,USA,953,285
2024-04-16,BrandY,This is a negative tweet about ProductA,positive,USA,139,408
2024-05-07,BrandX,This is a neutral tweet about ProductA,negative,India,927,248
2024-02-26,BrandZ,This is a positive tweet about ProductA,positive,USA,984,360
2024-01-03,BrandY,This is a negative tweet about ProductA,negative,Canada,595,334
2024-06-14,BrandY,This is a positive tweet about BrandZ,neutral,UK,41,327
2024-01-17,BrandY,This is a positive tweet about ProductB,negative,India,645,48
2024-04-22,BrandY,This is a negative tweet about BrandZ,neutral,UK,964,22
2024-03-21,ProductA,This is a positive tweet about BrandX,positive,USA,77,391
2024-04-15,ProductA,This is a positive tweet about ProductA,negative,Australia,293,370
2024-01-07,BrandX,This is a positive tweet about ProductA,negative,UK,964,419
2024-01-30,ProductB,This is a positive tweet about BrandY,neutral,Canada,757,300
2024-06-27,ProductB,This is a neutral tweet about ProductB,positive,UK,750,421
2024-07-30,ProductA,This is a positive tweet about ProductA,positive,India,426,50
2024-07-21,ProductB,This is a neutral tweet about BrandX,neutral,India,252,276
2024-07-17,BrandX,This is a neutral tweet about ProductB,positive,Australia,574,109
2024-06-18,ProductA,This is a positive tweet about ProductB,positive,Canada,70,68
2024-02-18,ProductA,This is a negative tweet about BrandX,positive,UK,743,180
2024-06-21,BrandY,This is a neutral tweet about BrandY,positive,India,532,498
2024-02-22,BrandX,This is a positive tweet about BrandX,positive,Canada,110,360
2024-06-28,BrandZ,This is a negative tweet about BrandY,neutral,Australia,37,440
2024-05-30,BrandX,This is a negative tweet about BrandZ,neutral,UK,123,188
2024-01-12,ProductA,This is a neutral tweet about ProductB,positive,Canada,948,360
2024-02-12,BrandY,This is a positive tweet about ProductB,positive,Australia,134,20
2024-03-27,ProductA,This is a negative tweet about BrandZ,positive,India,698,250
2024-05-26,ProductA,This is a neutral tweet about BrandY,negative,Australia,14,65
2024-07-27,BrandY,This is a neutral tweet about BrandZ,positive,India,828,31
2024-01-15,ProductB,This is a positive tweet about ProductA,positive,USA,959,43
2024-06-05,ProductB,This is a negative tweet about BrandZ,negative,Australia,825,184
2024-03-15,BrandX,This is a neutral tweet about BrandX,neutral,Canada,374,497
2024-05-17,ProductB,This is a neutral tweet about BrandZ,negative,UK,900,302
2024-03-17,ProductB,This is a neutral tweet about BrandY,positive,UK,551,156
2024-02-28,ProductB,This is a negative tweet about BrandZ,neutral,Canada,817,33
2024-06-01,ProductB,This is a negative tweet about BrandY,neutral,India,529,66
2024-03-25,ProductA,This is a positive tweet about BrandX,negative,Canada,291,480
2024-04-12,BrandZ,This is a negative tweet about ProductA,neutral,USA,532,165
2024-01-16,ProductB,This is a negative tweet about ProductB,positive,USA,921,15
2024-05-01,ProductA,This is a positive tweet about ProductB,positive,India,901,122
2024-04-22,ProductA,This is a neutral tweet about ProductA,positive,Australia,163,487
2024-04-07,BrandY,This is a neutral tweet about ProductB,negative,Australia,888,385
2024-03-20,BrandZ,This is a neutral tweet about ProductB,positive,UK,87,72
2024-07-26,BrandZ,This is a positive tweet about ProductB,positive,Australia,810,55
2024-03-07,BrandX,This is a negative tweet about BrandZ,positive,Canada,632,209
2024-05-19,BrandY,This is a neutral tweet about ProductB,negative,USA,948,170
2024-04-11,ProductA,This is a neutral tweet about BrandZ,negative,UK,477,232
2024-06-20,ProductB,This is a negative tweet about BrandY,negative,Canada,946,245
2024-03-26,ProductA,This is a positive tweet about ProductA,neutral,Canada,935,294
2024-04-20,BrandX,This is a neutral tweet about ProductB,negative,USA,344,487
2024-06-15,BrandZ,This is a negative tweet about BrandX,neutral,USA,414,343
2024-07-02,BrandY,This is a positive tweet about BrandZ,positive,USA,290,466
2024-01-19,BrandZ,This is a negative tweet about BrandX,positive,UK,605,294
2024-05-11,BrandX,This is a negative tweet about BrandZ,negative,UK,610,212
2024-04-14,ProductB,This is a neutral tweet about BrandX,positive,Canada,619,153
2024-03-22,BrandX,This is a neutral tweet about ProductA,positive,UK,900,465
2024-04-18,ProductB,This is a positive tweet about BrandY,negative,USA,723,108
2024-07-12,BrandX,This is a negative tweet about BrandY,positive,India,819,150
2024-06-12,BrandX,This is a neutral tweet about ProductA,negative,Australia,164,336
2024-07-13,ProductB,This is a negative tweet about BrandY,negative,Canada,689,278
2024-06-22,BrandY,This is a positive tweet about BrandZ,neutral,India,845,106
2024-07-08,ProductA,This is a neutral tweet about BrandY,negative,Canada,748,63
2024-01-15,ProductA,This is a negative tweet about ProductB,neutral,Australia,360,29
2024-07-26,ProductA,This is a neutral tweet about BrandX,positive,India,121,24
2024-05-07,BrandX,This is a positive tweet about BrandX,positive,UK,355,232
2024-06-09,BrandX,This is a negative tweet about ProductB,negative,Canada,241,484
2024-01-14,ProductA,This is a positive tweet about ProductA,positive,UK,965,322
2024-02-05,BrandY,This is a positive tweet about ProductA,negative,Australia,240,472
2024-05-21,ProductB,This is a positive tweet about ProductB,neutral,UK,588,189
2024-01-01,ProductB,This is a positive tweet about BrandX,negative,UK,472,71
2024-03-09,BrandZ,This is a negative tweet about BrandY,neutral,UK,44,450
2024-05-24,ProductB,This is a neutral tweet about BrandX,positive,USA,470,226
2024-05-06,BrandX,This is a positive tweet about BrandX,neutral,Canada,459,265
2024-02-25,BrandX,This is a neutral tweet about BrandZ,negative,USA,263,480
2024-05-16,BrandZ,This is a positive tweet about BrandX,negative,USA,706,28
2024-01-19,ProductB,This is a negative tweet about ProductB,negative,India,130,65
2024-03-29,BrandX,This is a positive tweet about ProductB,neutral,USA,519,77
2024-06-06,ProductA,This is a negative tweet about BrandZ,neutral,India,546,405
2024-04-07,BrandX,This is a positive tweet about BrandX,positive,Australia,893,460
2024-07-14,ProductA,This is a neutral tweet about BrandZ,neutral,Canada,619,332
2024-04-02,ProductB,This is a negative tweet about ProductA,positive,India,934,96
2024-01-12,BrandX,This is a negative tweet about ProductA,positive,India,285,334
2024-03-26,BrandX,This is a negative tweet about BrandX,positive,Canada,889,197
2024-03-29,BrandX,This is a neutral tweet about BrandY,positive,Canada,642,7
2024-03-15,ProductB,This is a positive tweet about BrandX,positive,Australia,884,296
2024-03-31,BrandX,This is a positive tweet about ProductB,neutral,UK,463,284
2024-04-08,BrandX,This is a positive tweet about BrandX,negative,Australia,38,272
2024-05-15,ProductA,This is a neutral tweet about BrandZ,positive,USA,281,463
2024-04-26,BrandZ,This is a negative tweet about ProductA,negative,Australia,794,39
2024-07-14,ProductB,This is a positive tweet about BrandY,negative,USA,134,429
2024-02-01,BrandY,This is a neutral tweet about ProductB,negative,Australia,350,127
2024-04-26,BrandZ,This is a negative tweet about ProductA,neutral,UK,606,2
2024-04-18,BrandY,This is a positive tweet about ProductA,negative,Canada,497,32
2024-04-03,BrandZ,This is a neutral tweet about ProductB,negative,USA,673,310
2024-04-01,ProductA,This is a negative tweet about BrandZ,negative,USA,540,63
2024-06-06,ProductA,This is a negative tweet about BrandX,neutral,Australia,306,255
2024-05-31,BrandZ,This is a neutral tweet about ProductA,negative,USA,712,4
2024-04-09,BrandY,This is a neutral tweet about BrandZ,neutral,India,882,22
2024-05-30,BrandY,This is a positive tweet about BrandX,positive,India,444,209
2024-01-24,BrandZ,This is a neutral tweet about BrandX,positive,USA,224,83
2024-06-07,BrandY,This is a positive tweet about BrandZ,positive,UK,1,442
2024-03-29,BrandZ,This is a negative tweet about BrandY,neutral,India,873,202
2024-04-22,BrandY,This is a positive tweet about BrandZ,neutral,Canada,516,446
2024-04-27,BrandY,This is a neutral tweet about BrandX,negative,Canada,924,369
2024-01-17,BrandY,This is a neutral tweet about BrandX,positive,Australia,736,61
2024-06-04,ProductA,This is a negative tweet about BrandZ,neutral,USA,103,379
2024-01-08,ProductA,This is a negative tweet about BrandY,negative,Australia,20,280
2024-07-16,ProductA,This is a negative tweet about BrandY,neutral,India,435,344
2024-03-06,BrandY,This is a neutral tweet about ProductA,neutral,Canada,986,315
2024-07-11,BrandZ,This is a positive tweet about ProductA,neutral,India,612,26
2024-01-01,BrandX,This is a negative tweet about BrandX,neutral,USA,945,303
2024-03-29,ProductB,This is a negative tweet about BrandX,positive,Canada,734,239
2024-02-18,ProductA,This is a neutral tweet about ProductA,negative,Australia,820,296
2024-03-24,BrandZ,This is a negative tweet about BrandY,neutral,USA,382,100
2024-03-29,ProductB,This is a positive tweet about ProductA,negative,UK,202,162
2024-02-23,BrandX,This is a negative tweet about BrandX,positive,Australia,408,214
2024-01-03,ProductA,This is a negative tweet about ProductB,positive,UK,234,12
2024-01-06,BrandZ,This is a positive tweet about BrandX,negative,USA,860,210
2024-05-15,ProductA,This is a negative tweet about BrandY,positive,India,127,400
2024-06-17,BrandY,This is a positive tweet about BrandY,neutral,Australia,435,308
2024-04-20,ProductB,This is a positive tweet about BrandZ,neutral,India,206,71
2024-04-07,ProductB,This is a positive tweet about ProductB,negative,UK,622,340
2024-05-10,BrandY,This is a negative tweet about ProductB,neutral,UK,447,333
2024-05-02,ProductA,This is a positive tweet about BrandX,neutral,India,950,265
2024-02-14,BrandX,This is a neutral tweet about BrandY,positive,Canada,710,120
2024-05-13,BrandZ,This is a positive tweet about ProductA,negative,India,197,488
2024-03-10,ProductA,This is a negative tweet about BrandX,positive,India,586,280
2024-02-22,BrandX,This is a neutral tweet about ProductA,negative,USA,807,402
2024-06-07,BrandX,This is a neutral tweet about BrandX,neutral,Australia,284,299
2024-01-27,ProductB,This is a positive tweet about ProductA,negative,Australia,564,158
2024-07-17,ProductB,This is a positive tweet about ProductB,negative,India,604,220
2024-03-30,ProductA,This is a negative tweet about ProductA,positive,UK,259,144
2024-02-29,ProductA,This is a negative tweet about BrandX,neutral,Australia,472,153
2024-03-15,BrandX,This is a negative tweet about BrandZ,neutral,USA,237,6
2024-04-23,BrandX,This is a negative tweet about ProductA,positive,Australia,813,166
2024-06-13,BrandX,This is a negative tweet about BrandX,positive,Canada,867,205
2024-04-05,ProductB,This is a neutral tweet about ProductA,neutral,Canada,823,67
2024-04-02,BrandY,This is a positive tweet about BrandZ,negative,Canada,988,393
2024-06-08,BrandY,This is a positive tweet about BrandZ,negative,India,65,376
2024-07-31,BrandZ,This is a positive tweet about ProductA,positive,Canada,189,95
2024-01-21,BrandZ,This is a negative tweet about ProductB,negative,India,39,212
2024-07-09,BrandZ,This is a negative tweet about ProductA,neutral,UK,728,301
2024-04-12,BrandY,This is a positive tweet about BrandX,positive,India,276,429
2024-03-09,BrandY,This is a neutral tweet about ProductB,negative,India,649,18
2024-03-06,BrandX,This is a positive tweet about BrandX,negative,India,184,304
2024-07-10,BrandZ,This is a negative tweet about ProductA,neutral,USA,489,4
2024-01-09,ProductB,This is a neutral tweet about BrandX,negative,Australia,476,367
2024-02-09,ProductB,This is a negative tweet about BrandX,negative,UK,989,137
2024-04-11,ProductB,This is a neutral tweet about BrandX,positive,India,299,284
2024-05-29,BrandY,This is a negative tweet about ProductB,positive,India,496,309
2024-04-28,BrandX,This is a neutral tweet about ProductB,positive,India,288,69
2024-02-15,ProductA,This is a negative tweet about ProductA,neutral,USA,142,466
2024-01-27,ProductA,This is a negative tweet about ProductB,positive,USA,205,454
2024-07-15,BrandX,This is a positive tweet about ProductB,positive,UK,513,296
2024-07-31,BrandX,This is a positive tweet about ProductA,negative,USA,762,464
2024-07-28,BrandX,This is a negative tweet about ProductA,positive,Australia,550,443
2024-03-05,BrandX,This is a positive tweet about BrandX,negative,USA,627,233
2024-05-10,BrandX,This is a positive tweet about BrandY,neutral,USA,944,109
2024-02-11,BrandZ,This is a positive tweet about ProductA,negative,Canada,561,384
2024-06-29,BrandX,This is a neutral tweet about ProductB,positive,Australia,566,224
2024-07-20,ProductB,This is a negative tweet about BrandY,neutral,India,167,405
2024-06-01,BrandY,This is a positive tweet about BrandZ,neutral,India,881,32
2024-07-23,ProductA,This is a neutral tweet about ProductB,negative,Canada,216,319
2024-07-14,ProductB,This is a neutral tweet about ProductB,neutral,India,587,385
2024-03-10,BrandZ,This is a neutral tweet about ProductA,positive,UK,978,277
2024-06-20,ProductB,This is a negative tweet about ProductB,negative,Australia,181,389
2024-06-21,BrandY,This is a positive tweet about ProductB,negative,Canada,421,410
2024-01-16,ProductB,This is a negative tweet about BrandX,positive,UK,136,87
2024-07-03,ProductA,This is a positive tweet about BrandZ,positive,USA,417,85
2024-01-27,BrandZ,This is a positive tweet about ProductA,positive,UK,301,223
2024-02-18,BrandZ,This is a positive tweet about ProductA,positive,India,921,456
2024-01-05,BrandY,This is a positive tweet about ProductB,negative,Canada,307,149
2024-02-23,BrandX,This is a neutral tweet about BrandX,neutral,Canada,766,400
2024-02-12,BrandZ,This is a neutral tweet about ProductB,neutral,Australia,470,151
2024-04-28,BrandX,This is a negative tweet about BrandY,positive,Australia,26,263
2024-03-01,ProductA,This is a negative tweet about BrandZ,negative,India,749,269
2024-02-06,BrandX,This is a negative tweet about BrandY,positive,USA,987,112
2024-07-21,BrandZ,This is a negative tweet about BrandX,negative,UK,982,156
2024-06-09,BrandX,This is a neutral tweet about BrandZ,neutral,Australia,484,238
2024-03-20,BrandY,This is a negative tweet about ProductB,neutral,USA,321,61
2024-05-08,BrandX,This is a positive tweet about BrandZ,neutral,Canada,473,271
2024-05-14,ProductA,This is a neutral tweet about BrandY,neutral,UK,709,179
2024-06-30,BrandZ,This is a positive tweet about ProductB,positive,Australia,23,240
2024-05-10,BrandY,This is a negative tweet about ProductB,neutral,UK,68,141
2024-03-30,BrandY,This is a positive tweet about ProductB,neutral,Canada,822,59
2024-05-06,ProductB,This is a positive tweet about ProductA,negative,USA,440,217
2024-01-17,ProductA,This is a positive tweet about BrandX,positive,USA,179,420
2024-04-15,ProductB,This is a neutral tweet about ProductA,neutral,USA,110,347
2024-03-05,ProductB,This is a negative tweet about ProductB,negative,Australia,678,118
2024-07-08,BrandX,This is a negative tweet about BrandZ,negative,Australia,112,456
2024-05-03,BrandZ,This is a neutral tweet about BrandZ,positive,India,72,363
2024-05-24,BrandZ,This is a neutral tweet about BrandZ,positive,India,802,493
2024-07-23,ProductA,This is a positive tweet about BrandY,negative,Australia,700,45
2024-04-20,ProductA,This is a neutral tweet about ProductB,negative,India,217,63
2024-02-01,BrandX,This is a positive tweet about BrandZ,negative,India,439,243
2024-03-26,ProductB,This is a neutral tweet about BrandX,positive,India,403,228
2024-05-16,BrandY,This is a negative tweet about BrandX,neutral,Australia,468,464
2024-04-02,BrandY,This is a positive tweet about BrandX,negative,USA,738,410
2024-01-01,BrandY,This is a positive tweet about BrandX,neutral,Australia,837,275
2024-04-24,ProductA,This is a neutral tweet about BrandY,positive,Australia,297,176
2024-02-01,ProductA,This is a negative tweet about ProductA,negative,India,611,66
2024-04-07,BrandX,This is a negative tweet about ProductB,neutral,USA,640,421
2024-06-16,BrandY,This is a neutral tweet about ProductB,negative,USA,695,160
2024-06-27,ProductB,This is a positive tweet about BrandY,negative,Australia,54,270
2024-05-07,BrandZ,This is a neutral tweet about ProductA,negative,Australia,744,9
2024-02-03,BrandY,This is a positive tweet about BrandX,negative,USA,543,337
2024-04-02,BrandZ,This is a negative tweet about ProductA,negative,UK,608,411
2024-04-28,ProductA,This is a positive tweet about ProductB,negative,India,845,191
2024-04-03,BrandY,This is a negative tweet about BrandX,neutral,India,57,459
2024-06-21,BrandY,This is a neutral tweet about BrandX,negative,UK,776,217
2024-04-16,BrandX,This is a neutral tweet about BrandY,negative,Australia,85,396
2024-07-15,BrandZ,This is a negative tweet about BrandY,neutral,India,476,128
2024-05-06,BrandZ,This is a positive tweet about BrandY,neutral,Australia,457,428
2024-06-20,BrandZ,This is a negative tweet about BrandZ,positive,UK,82,464
2024-05-21,BrandX,This is a negative tweet about BrandZ,positive,USA,225,404
2024-04-12,ProductA,This is a positive tweet about BrandX,neutral,USA,345,343
2024-04-08,BrandZ,This is a negative tweet about ProductB,neutral,UK,927,326
2024-07-19,BrandZ,This is a negative tweet about BrandX,negative,UK,299,38
2024-05-02,BrandX,This is a neutral tweet about BrandX,positive,Australia,186,126
2024-07-30,BrandZ,This is a positive tweet about ProductA,negative,Canada,334,475
2024-04-12,ProductA,This is a positive tweet about BrandY,positive,Australia,288,456
2024-03-07,ProductB,This is a positive tweet about BrandZ,neutral,USA,682,91
2024-05-14,BrandY,This is a neutral tweet about BrandY,negative,Australia,203,182
2024-07-06,ProductA,This is a positive tweet about ProductB,neutral,UK,947,314
2024-06-15,BrandZ,This is a negative tweet about ProductB,neutral,Australia,698,454
2024-04-12,BrandY,This is a positive tweet about BrandZ,positive,Canada,892,32
2024-06-08,ProductA,This is a positive tweet about ProductA,positive,USA,392,63
2024-03-07,BrandY,This is a neutral tweet about ProductB,negative,Canada,369,292
2024-03-13,BrandY,This is a negative tweet about BrandX,neutral,Canada,861,91
2024-02-28,BrandY,This is a positive tweet about ProductA,neutral,India,399,72
2024-01-31,ProductB,This is a neutral tweet about ProductB,negative,Australia,438,133
2024-07-29,ProductA,This is a neutral tweet about ProductB,neutral,India,851,78
2024-05-23,BrandX,This is a negative tweet about ProductA,positive,UK,936,72
2024-05-14,ProductB,This is a positive tweet about BrandX,neutral,USA,908,80
2024-06-20,ProductB,This is a positive tweet about BrandX,negative,UK,971,212
2024-03-04,BrandY,This is a positive tweet about BrandY,negative,USA,316,0
2024-04-01,ProductA,This is a negative tweet about BrandZ,positive,Australia,960,358
2024-02-24,ProductB,This is a neutral tweet about ProductA,negative,Canada,572,467
2024-06-16,BrandX,This is a neutral tweet about ProductB,neutral,USA,709,325
2024-01-31,ProductB,This is a neutral tweet about BrandZ,negative,Australia,903,423
2024-05-29,BrandY,This is a positive tweet about ProductB,positive,UK,810,6
2024-04-16,ProductA,This is a positive tweet about BrandZ,positive,UK,57,4
2024-06-27,BrandX,This is a negative tweet about BrandX,negative,India,509,121
2024-07-21,ProductB,This is a neutral tweet about BrandY,neutral,USA,697,469
2024-07-25,BrandY,This is a negative tweet about BrandZ,negative,UK,870,274
2024-03-09,ProductB,This is a neutral tweet about BrandZ,neutral,Australia,894,226
2024-03-07,BrandY,This is a negative tweet about BrandZ,positive,UK,686,398
2024-03-04,BrandY,This is a negative tweet about ProductB,neutral,India,858,316
2024-01-23,BrandY,This is a negative tweet about BrandY,positive,Canada,570,407
2024-03-26,BrandZ,This is a neutral tweet about BrandZ,negative,Australia,587,224
2024-04-14,BrandY,This is a negative tweet about BrandX,positive,Canada,411,87
2024-07-05,BrandY,This is a positive tweet about BrandY,positive,USA,103,431
2024-06-21,ProductA,This is a neutral tweet about BrandX,positive,UK,469,143
2024-04-24,BrandZ,This is a negative tweet about BrandY,negative,UK,932,194
2024-02-20,BrandY,This is a neutral tweet about BrandX,negative,India,640,59
2024-05-02,ProductB,This is a neutral tweet about BrandY,positive,India,547,475
2024-03-15,ProductA,This is a positive tweet about BrandX,positive,India,126,114
2024-01-21,ProductB,This is a neutral tweet about BrandX,negative,India,533,86
2024-05-16,ProductB,This is a positive tweet about ProductB,positive,UK,452,177
2024-04-18,BrandZ,This is a negative tweet about ProductB,positive,USA,289,52
2024-07-13,ProductB,This is a negative tweet about BrandX,positive,India,38,220
2024-06-24,ProductA,This is a negative tweet about BrandY,negative,USA,218,450
2024-02-23,BrandY,This is a negative tweet about ProductB,neutral,UK,30,82
2024-07-20,ProductB,This is a neutral tweet about BrandX,negative,USA,511,455
2024-04-28,BrandY,This is a positive tweet about ProductB,positive,UK,781,34
2024-07-24,ProductA,This is a negative tweet about BrandX,negative,Canada,720,492
2024-02-03,BrandY,This is a neutral tweet about BrandZ,neutral,India,852,477
2024-03-26,ProductA,This is a neutral tweet about BrandY,negative,Canada,74,83
2024-06-29,ProductB,This is a neutral tweet about BrandY,negative,Canada,160,357
2024-03-26,BrandY,This is a neutral tweet about BrandY,positive,India,204,112
2024-04-18,BrandZ,This is a neutral tweet about BrandX,positive,Canada,950,57
2024-01-11,ProductB,This is a neutral tweet about ProductB,positive,Canada,972,197
2024-05-03,BrandX,This is a neutral tweet about ProductB,negative,India,587,470
2024-03-16,BrandX,This is a positive tweet about BrandX,positive,Australia,403,117
2024-05-01,ProductA,This is a negative tweet about BrandY,negative,Canada,382,319
2024-03-05,ProductA,This is a neutral tweet about BrandY,neutral,India,202,490
2024-01-02,ProductB,This is a neutral tweet about BrandY,negative,Canada,469,347
2024-04-06,BrandY,This is a negative tweet about ProductB,negative,USA,873,312
2024-02-27,ProductB,This is a neutral tweet about BrandY,positive,UK,914,42
2024-01-25,BrandZ,This is a negative tweet about BrandZ,neutral,India,554,102
2024-02-16,BrandY,This is a neutral tweet about BrandY,negative,India,700,154
2024-02-27,ProductB,This is a positive tweet about BrandX,positive,Australia,545,202
2024-07-06,BrandX,This is a neutral tweet about ProductA,neutral,Canada,126,326
2024-07-13,ProductA,This is a negative tweet about BrandX,neutral,USA,263,198
2024-02-05,BrandY,This is a positive tweet about BrandX,negative,USA,25,418
2024-03-16,BrandX,This is a positive tweet about BrandX,negative,UK,847,363
2024-01-21,BrandY,This is a negative tweet about ProductA,negative,USA,553,33
2024-05-24,BrandX,This is a neutral tweet about BrandZ,neutral,USA,738,252
2024-05-26,BrandZ,This is a neutral tweet about BrandX,neutral,USA,318,256
2024-06-02,BrandY,This is a negative tweet about ProductA,negative,Canada,988,152
2024-07-15,BrandX,This is a neutral tweet about ProductA,neutral,India,884,133
2024-04-23,BrandX,This is a negative tweet about ProductB,positive,India,696,274
2024-03-01,BrandX,This is a positive tweet about ProductB,positive,UK,451,184
2024-03-01,BrandY,This is a negative tweet about BrandZ,neutral,Australia,291,141
2024-04-24,BrandX,This is a negative tweet about BrandY,neutral,USA,289,358
2024-04-30,ProductB,This is a positive tweet about BrandX,negative,UK,716,299
2024-03-22,ProductA,This is a positive tweet about ProductA,negative,USA,58,412
2024-02-16,ProductA,This is a positive tweet about BrandY,neutral,Canada,700,428
2024-03-13,BrandY,This is a neutral tweet about BrandY,positive,India,389,307
2024-06-07,BrandX,This is a neutral tweet about BrandX,positive,Canada,473,229
2024-07-10,BrandZ,This is a neutral tweet about ProductB,negative,UK,889,9
2024-03-03,BrandY,This is a positive tweet about BrandZ,neutral,Canada,189,22
2024-01-20,ProductB,This is a neutral tweet about ProductB,negative,USA,630,129
2024-03-17,BrandY,This is a negative tweet about ProductA,positive,Canada,302,248
2024-04-10,BrandX,This is a negative tweet about BrandX,positive,Australia,777,470
2024-06-02,BrandY,This is a neutral tweet about BrandZ,neutral,India,625,94
2024-05-22,BrandY,This is a positive tweet about BrandX,positive,USA,441,310
2024-03-10,BrandZ,This is a neutral tweet about BrandY,negative,USA,329,440
2024-01-12,ProductA,This is a neutral tweet about BrandZ,negative,UK,85,127
2024-03-27,ProductA,This is a positive tweet about BrandY,neutral,Australia,81,101
2024-02-27,ProductA,This is a neutral tweet about ProductB,neutral,Canada,475,210
2024-01-12,BrandX,This is a neutral tweet about ProductA,positive,Australia,711,327
2024-04-07,ProductA,This is a neutral tweet about ProductB,neutral,UK,588,307
2024-07-02,ProductB,This is a negative tweet about BrandX,neutral,Australia,751,120
2024-03-18,BrandZ,This is a neutral tweet about BrandX,negative,India,363,19
2024-03-21,ProductB,This is a positive tweet about ProductB,negative,Australia,435,60
2024-01-21,BrandY,This is a neutral tweet about ProductB,neutral,Canada,262,43
2024-05-16,ProductB,This is a neutral tweet about ProductA,positive,USA,657,152
2024-05-03,BrandX,This is a negative tweet about ProductB,negative,USA,248,115
2024-04-05,ProductB,This is a negative tweet about BrandY,neutral,India,275,238
2024-03-04,BrandY,This is a negative tweet about ProductB,positive,Canada,101,298
2024-04-20,ProductB,This is a negative tweet about ProductA,positive,India,2,307
2024-02-24,ProductB,This is a negative tweet about BrandY,positive,USA,781,69
2024-03-23,ProductB,This is a negative tweet about BrandX,positive,UK,627,490
2024-04-15,ProductA,This is a positive tweet about ProductA,neutral,UK,577,488
2024-05-07,ProductB,This is a negative tweet about BrandZ,negative,Australia,141,111
2024-05-28,BrandZ,This is a neutral tweet about ProductA,neutral,Australia,507,494
2024-02-19,ProductA,This is a neutral tweet about BrandZ,positive,Canada,952,140
2024-06-03,ProductB,This is a negative tweet about BrandY,positive,Canada,708,272
2024-03-29,BrandY,This is a positive tweet about BrandX,positive,USA,433,25
2024-04-30,BrandY,This is a positive tweet about ProductA,neutral,USA,166,282
2024-01-04,ProductA,This is a positive tweet about BrandY,neutral,UK,880,267
2024-05-25,BrandX,This is a positive tweet about ProductA,negative,India,19,388
2024-06-14,BrandZ,This is a negative tweet about BrandZ,neutral,Australia,801,357
2024-05-28,BrandY,This is a positive tweet about BrandY,positive,USA,136,44
2024-07-16,ProductA,This is a positive tweet about ProductA,neutral,India,289,67
2024-03-14,ProductA,This is a neutral tweet about ProductB,positive,Australia,735,289
2024-01-17,ProductB,This is a neutral tweet about BrandZ,negative,UK,825,115
2024-03-15,BrandX,This is a negative tweet about BrandZ,positive,USA,699,405
2024-02-02,ProductA,This is a neutral tweet about BrandY,negative,USA,946,271
2024-04-06,BrandY,This is a positive tweet about BrandX,negative,Australia,433,183
2024-02-05,BrandX,This is a negative tweet about BrandZ,negative,Canada,981,256
2024-06-16,BrandY,This is a neutral tweet about BrandY,positive,Australia,249,268
2024-03-16,BrandZ,This is a positive tweet about ProductB,positive,UK,482,123
2024-03-09,ProductA,This is a negative tweet about ProductB,negative,Canada,910,4
2024-07-27,ProductB,This is a positive tweet about ProductB,negative,Australia,244,386
2024-02-18,ProductB,This is a negative tweet about BrandY,positive,UK,801,112
2024-05-28,BrandZ,This is a negative tweet about BrandX,positive,USA,223,473
2024-04-29,BrandZ,This is a neutral tweet about BrandX,positive,USA,376,8
2024-05-20,ProductA,This is a positive tweet about BrandX,positive,Canada,198,336
2024-06-05,ProductB,This is a neutral tweet about ProductB,negative,Canada,59,168
2024-05-01,ProductA,This is a negative tweet about ProductB,positive,India,985,49
2024-03-25,ProductA,This is a neutral tweet about ProductB,positive,India,603,369
2024-04-27,ProductB,This is a positive tweet about BrandZ,positive,USA,410,487
2024-06-01,BrandY,This is a neutral tweet about BrandZ,neutral,Canada,818,81
2024-06-21,BrandZ,This is a positive tweet about BrandX,positive,UK,645,369
2024-02-03,ProductA,This is a neutral tweet about BrandY,negative,UK,640,251
2024-07-01,BrandZ,This is a neutral tweet about BrandZ,neutral,India,333,51
2024-03-14,ProductA,This is a positive tweet about ProductB,positive,Australia,551,416
2024-01-06,ProductB,This is a positive tweet about ProductB,positive,UK,785,117
2024-02-04,BrandZ,This is a positive tweet about ProductA,neutral,USA,118,275
2024-04-05,ProductA,This is a positive tweet about BrandZ,neutral,Canada,197,432
2024-05-12,BrandY,This is a negative tweet about ProductB,negative,India,481,470
2024-01-14,ProductA,This is a neutral tweet about ProductA,neutral,USA,902,19
2024-03-01,BrandZ,This is a negative tweet about BrandY,positive,India,543,33
2024-02-06,BrandX,This is a negative tweet about ProductA,negative,India,821,110
2024-02-11,BrandZ,This is a positive tweet about BrandZ,neutral,Australia,459,273
2024-07-24,BrandY,This is a positive tweet about BrandX,neutral,Canada,233,486
2024-03-24,BrandZ,This is a negative tweet about BrandY,positive,Australia,298,344
2024-07-16,ProductA,This is a positive tweet about ProductB,negative,UK,837,381
2024-02-07,BrandY,This is a positive tweet about BrandX,positive,Canada,252,141
2024-05-13,BrandY,This is a positive tweet about BrandY,negative,India,62,263
2024-02-19,BrandY,This is a positive tweet about BrandX,negative,Australia,369,72
2024-05-03,ProductB,This is a positive tweet about BrandX,neutral,USA,657,149
2024-01-16,BrandX,This is a neutral tweet about BrandX,neutral,India,46,172
2024-04-29,BrandZ,This is a neutral tweet about ProductB,neutral,Canada,590,222
2024-03-23,ProductA,This is a positive tweet about BrandX,negative,India,67,497
2024-02-16,BrandX,This is a neutral tweet about ProductB,neutral,Australia,794,334
2024-03-26,ProductB,This is a neutral tweet about BrandX,neutral,Australia,674,471
2024-02-09,ProductB,This is a neutral tweet about ProductA,neutral,Australia,127,384
2024-03-06,BrandX,This is a negative tweet about BrandX,positive,UK,695,332
2024-07-20,BrandX,This is a positive tweet about BrandX,negative,UK,607,127
2024-07-31,BrandZ,This is a negative tweet about ProductA,positive,India,378,303
2024-05-05,ProductB,This is a neutral tweet about ProductA,negative,Australia,312,317
2024-05-19,ProductB,This is a negative tweet about BrandY,positive,USA,218,126
2024-06-28,BrandY,This is a neutral tweet about BrandY,positive,Australia,520,39
2024-05-07,ProductB,This is a neutral tweet about BrandX,negative,USA,95,481
2024-06-30,BrandX,This is a negative tweet about ProductB,negative,UK,481,327
2024-07-29,BrandZ,This is a negative tweet about BrandZ,neutral,Australia,249,208
2024-06-15,BrandX,This is a negative tweet about BrandY,neutral,UK,659,490
2024-04-22,BrandX,This is a positive tweet about BrandY,positive,USA,264,278
2024-06-23,ProductB,This is a negative tweet about ProductB,neutral,UK,819,214
2024-01-01,BrandZ,This is a neutral tweet about ProductA,positive,Canada,577,488
2024-02-23,BrandX,This is a negative tweet about BrandX,neutral,Canada,506,13
2024-06-16,BrandX,This is a negative tweet about BrandZ,positive,USA,263,53
2024-06-07,ProductA,This is a positive tweet about ProductB,positive,Canada,39,97
2024-01-04,ProductB,This is a neutral tweet about BrandY,negative,Canada,93,392
2024-04-28,ProductA,This is a neutral tweet about ProductB,neutral,India,608,19
2024-06-09,ProductB,This is a neutral tweet about BrandZ,positive,USA,226,292
2024-05-25,BrandY,This is a positive tweet about ProductA,negative,USA,75,140
2024-03-26,ProductA,This is a positive tweet about BrandY,neutral,UK,453,130
2024-01-25,BrandZ,This is a neutral tweet about BrandY,neutral,USA,482,387
2024-06-05,BrandZ,This is a negative tweet about BrandY,positive,UK,499,243
2024-02-11,BrandZ,This is a neutral tweet about ProductA,negative,Canada,241,392
2024-07-26,BrandX,This is a positive tweet about ProductB,negative,India,899,67
2024-01-06,ProductA,This is a positive tweet about ProductB,negative,India,759,42
2024-04-29,BrandX,This is a positive tweet about ProductA,positive,UK,442,122
2024-07-11,ProductA,This is a positive tweet about BrandX,positive,UK,300,449
2024-01-21,BrandZ,This is a positive tweet about ProductB,neutral,Australia,575,274
2024-05-01,ProductB,This is a positive tweet about BrandX,neutral,USA,488,339
2024-02-10,BrandY,This is a positive tweet about ProductB,positive,Canada,630,331
2024-03-03,ProductA,This is a positive tweet about BrandX,neutral,India,947,262
2024-02-23,ProductB,This is a negative tweet about BrandX,positive,Australia,852,35
2024-06-21,ProductB,This is a positive tweet about BrandX,neutral,USA,337,345
2024-03-26,BrandY,This is a neutral tweet about BrandY,positive,UK,999,323
2024-06-11,BrandX,This is a negative tweet about BrandY,positive,UK,61,62
2024-07-04,ProductA,This is a positive tweet about BrandX,negative,India,821,253
2024-03-05,BrandY,This is a positive tweet about ProductB,neutral,UK,475,116
2024-05-24,ProductA,This is a positive tweet about ProductB,neutral,UK,446,22
2024-06-12,ProductB,This is a neutral tweet about ProductA,negative,Canada,234,350
2024-05-27,ProductB,This is a negative tweet about BrandY,positive,UK,79,407
2024-07-18,BrandY,This is a positive tweet about BrandZ,negative,Canada,807,277
2024-02-10,ProductB,This is a neutral tweet about ProductA,positive,UK,650,299
2024-05-08,BrandZ,This is a positive tweet about ProductB,neutral,India,910,383
2024-06-30,ProductB,This is a neutral tweet about ProductA,negative,UK,627,443
2024-02-09,BrandY,This is a negative tweet about BrandZ,neutral,UK,577,359
2024-07-06,BrandY,This is a positive tweet about BrandX,neutral,UK,292,331
2024-03-07,ProductB,This is a neutral tweet about BrandY,neutral,Australia,390,199
2024-03-20,BrandX,This is a neutral tweet about BrandZ,neutral,India,149,210
2024-05-07,ProductB,This is a positive tweet about ProductA,negative,Canada,698,178
2024-04-08,BrandZ,This is a positive tweet about BrandZ,negative,Australia,398,225
2024-01-03,ProductA,This is a negative tweet about ProductA,negative,USA,492,81
2024-01-10,BrandX,This is a neutral tweet about BrandY,negative,UK,224,71
2024-02-03,BrandZ,This is a negative tweet about BrandX,negative,UK,136,280
2024-07-10,BrandX,This is a neutral tweet about ProductA,positive,Canada,641,373
2024-05-11,BrandZ,This is a neutral tweet about BrandY,neutral,USA,866,397
2024-05-30,BrandX,This is a neutral tweet about BrandZ,negative,Canada,11,271
2024-01-27,BrandX,This is a negative tweet about ProductA,positive,Australia,467,415
2024-04-05,ProductA,This is a neutral tweet about BrandY,neutral,USA,305,246
2024-01-26,BrandZ,This is a neutral tweet about BrandZ,neutral,USA,912,427
2024-04-10,BrandZ,This is a positive tweet about BrandZ,positive,India,647,181
2024-06-23,BrandZ,This is a neutral tweet about ProductA,neutral,USA,607,476
2024-01-15,BrandX,This is a positive tweet about ProductB,negative,Canada,251,459
2024-05-28,ProductA,This is a neutral tweet about BrandZ,positive,India,748,303
2024-02-02,BrandZ,This is a positive tweet about ProductB,positive,UK,390,215
2024-05-22,BrandZ,This is a neutral tweet about ProductA,negative,USA,782,347
2024-02-10,ProductA,This is a neutral tweet about BrandY,neutral,Canada,133,147
2024-02-28,ProductA,This is a neutral tweet about BrandX,negative,UK,581,139
2024-06-06,BrandX,This is a positive tweet about ProductB,neutral,Australia,953,314
2024-02-07,BrandZ,This is a positive tweet about BrandX,negative,India,671,413
2024-07-17,BrandX,This is a neutral tweet about BrandY,negative,Australia,618,223
2024-04-16,BrandZ,This is a negative tweet about BrandY,negative,Australia,268,367
2024-07-31,ProductA,This is a neutral tweet about ProductA,negative,UK,900,233
2024-05-14,BrandZ,This is a neutral tweet about ProductA,neutral,UK,754,343
2024-04-09,BrandZ,This is a neutral tweet about ProductB,positive,Canada,301,271
2024-05-21,BrandY,This is a negative tweet about BrandY,negative,USA,688,236
2024-01-27,ProductB,This is a positive tweet about ProductA,positive,UK,618,398
2024-06-21,ProductB,This is a neutral tweet about BrandY,neutral,UK,498,362
2024-07-04,ProductA,This is a neutral tweet about ProductA,neutral,Australia,434,267
2024-06-16,BrandZ,This is a positive tweet about BrandX,negative,Canada,365,158
2024-01-24,BrandX,This is a neutral tweet about ProductA,neutral,Australia,630,496
2024-05-11,ProductB,This is a neutral tweet about ProductB,negative,USA,231,70
2024-05-20,ProductA,This is a neutral tweet about ProductB,negative,USA,191,237
2024-01-03,BrandY,This is a neutral tweet about BrandX,neutral,Australia,3,10
2024-05-17,BrandZ,This is a neutral tweet about BrandY,negative,India,563,305
2024-06-05,BrandY,This is a negative tweet about BrandY,negative,USA,261,316
2024-05-19,ProductB,This is a neutral tweet about ProductB,negative,Australia,894,453
2024-01-07,BrandZ,This is a neutral tweet about BrandZ,neutral,UK,300,67
2024-07-02,BrandY,This is a neutral tweet about BrandZ,negative,Australia,209,105
2024-03-01,ProductA,This is a negative tweet about ProductB,neutral,India,989,57
2024-04-19,BrandZ,This is a neutral tweet about ProductB,positive,India,313,62
2024-07-19,ProductA,This is a positive tweet about ProductA,negative,UK,707,466
2024-03-18,ProductB,This is a positive tweet about BrandX,neutral,India,788,215
2024-02-26,BrandZ,This is a positive tweet about BrandZ,positive,UK,248,358
2024-07-08,ProductB,This is a positive tweet about BrandZ,negative,India,913,326
2024-04-25,BrandY,This is a neutral tweet about BrandY,positive,USA,649,284
2024-03-31,BrandX,This is a negative tweet about BrandZ,negative,Australia,705,410
2024-07-02,BrandX,This is a negative tweet about BrandZ,neutral,Canada,944,10
2024-06-04,ProductA,This is a positive tweet about BrandY,positive,India,439,438
2024-07-14,ProductA,This is a positive tweet about ProductA,negative,Canada,113,235
2024-05-25,ProductB,This is a negative tweet about ProductB,neutral,India,342,222
2024-06-17,ProductA,This is a neutral tweet about BrandZ,negative,Australia,133,347
2024-04-20,BrandY,This is a negative tweet about ProductB,neutral,Canada,743,84
2024-05-01,BrandZ,This is a negative tweet about ProductA,positive,USA,367,376
2024-02-10,ProductB,This is a positive tweet about BrandX,neutral,UK,166,201
2024-07-03,ProductA,This is a negative tweet about BrandX,neutral,USA,414,377
2024-03-14,BrandY,This is a neutral tweet about BrandY,negative,Canada,437,46
2024-07-10,BrandY,This is a positive tweet about ProductB,neutral,India,7,422
2024-06-29,BrandX,This is a negative tweet about BrandZ,negative,Australia,581,89
2024-01-30,ProductB,This is a negative tweet about ProductB,negative,Australia,85,165
2024-04-28,BrandY,This is a negative tweet about BrandZ,positive,India,70,137
2024-02-12,BrandX,This is a neutral tweet about BrandZ,negative,UK,18,255
2024-01-12,BrandY,This is a positive tweet about BrandZ,negative,Canada,375,325
2024-06-25,ProductA,This is a positive tweet about BrandX,positive,Canada,450,410
2024-01-15,BrandX,This is a neutral tweet about BrandY,positive,USA,129,227
2024-03-26,ProductB,This is a neutral tweet about ProductA,negative,India,668,142
2024-01-11,ProductB,This is a neutral tweet about BrandY,negative,UK,878,433
2024-05-31,ProductB,This is a negative tweet about ProductB,positive,USA,495,288
2024-04-20,BrandZ,This is a positive tweet about BrandZ,negative,Canada,715,466
2024-06-12,BrandX,This is a negative tweet about ProductA,neutral,USA,404,151
2024-05-07,ProductB,This is a positive tweet about BrandY,negative,Canada,230,130
2024-02-26,BrandZ,This is a neutral tweet about ProductA,negative,India,860,395
2024-03-28,ProductB,This is a negative tweet about BrandY,negative,UK,283,230
2024-03-17,ProductA,This is a negative tweet about ProductA,positive,India,800,345
2024-02-10,BrandY,This is a negative tweet about BrandZ,negative,Canada,50,297
2024-06-21,ProductA,This is a positive tweet about BrandY,positive,Canada,919,373
2024-06-16,BrandZ,This is a positive tweet about ProductA,negative,USA,394,54
2024-05-22,ProductA,This is a neutral tweet about BrandY,negative,India,967,205
2024-03-01,ProductB,This is a neutral tweet about BrandX,neutral,India,574,144
2024-02-26,BrandZ,This is a positive tweet about BrandX,neutral,UK,866,426
2024-04-29,ProductA,This is a negative tweet about BrandY,neutral,Canada,652,244
2024-02-01,ProductA,This is a neutral tweet about BrandX,negative,UK,28,142
2024-03-04,BrandZ,This is a neutral tweet about ProductB,neutral,Australia,746,110
2024-06-06,BrandZ,This is a positive tweet about BrandY,neutral,Australia,63,234
2024-06-04,ProductA,This is a negative tweet about BrandY,negative,India,959,381
2024-01-15,BrandZ,This is a negative tweet about BrandX,negative,Australia,161,453
2024-03-05,BrandX,This is a neutral tweet about BrandZ,neutral,Canada,475,488
2024-02-08,ProductB,This is a neutral tweet about ProductA,neutral,Australia,313,163
2024-05-07,BrandX,This is a positive tweet about BrandX,negative,Canada,769,247
2024-03-02,ProductB,This is a positive tweet about ProductA,positive,Canada,780,92
2024-04-06,BrandY,This is a positive tweet about ProductA,negative,Canada,344,466
2024-01-27,BrandZ,This is a negative tweet about BrandY,neutral,UK,535,497
2024-03-13,BrandX,This is a negative tweet about ProductA,positive,USA,563,71
2024-03-23,BrandX,This is a negative tweet about BrandX,neutral,USA,945,7
2024-07-09,BrandY,This is a positive tweet about BrandY,neutral,Canada,232,228
2024-05-08,BrandZ,This is a positive tweet about BrandX,positive,Canada,702,18
2024-04-02,ProductA,This is a negative tweet about BrandY,neutral,UK,129,470
2024-01-11,BrandZ,This is a negative tweet about ProductA,positive,Canada,247,388
2024-05-17,ProductB,This is a positive tweet about BrandX,positive,Australia,983,345
2024-01-31,ProductB,This is a positive tweet about BrandX,positive,USA,339,215
2024-01-05,BrandY,This is a neutral tweet about ProductA,positive,Canada,622,121
2024-02-17,ProductB,This is a neutral tweet about BrandZ,positive,Australia,803,7
2024-05-22,BrandZ,This is a neutral tweet about BrandZ,positive,Canada,621,337
2024-06-12,BrandX,This is a neutral tweet about ProductB,negative,UK,498,423
2024-03-16,ProductA,This is a positive tweet about ProductB,negative,Canada,871,430
2024-07-10,BrandX,This is a neutral tweet about ProductB,negative,Canada,278,376
2024-05-19,BrandX,This is a neutral tweet about BrandX,negative,Canada,904,7
2024-06-05,BrandY,This is a neutral tweet about ProductB,positive,USA,303,187
2024-03-23,BrandY,This is a neutral tweet about BrandZ,neutral,Canada,765,243
2024-07-25,BrandZ,This is a negative tweet about ProductB,negative,India,220,222
2024-02-13,BrandX,This is a positive tweet about ProductA,neutral,Canada,183,70
2024-05-25,ProductB,This is a neutral tweet about ProductA,negative,UK,429,113
2024-01-27,BrandZ,This is a neutral tweet about BrandZ,positive,Canada,724,266
2024-03-29,ProductA,This is a neutral tweet about BrandX,neutral,USA,118,195
2024-06-25,BrandY,This is a negative tweet about BrandY,negative,USA,222,444
2024-04-02,BrandZ,This is a negative tweet about BrandZ,positive,UK,240,244
2024-05-18,BrandX,This is a neutral tweet about BrandZ,positive,UK,199,420
2024-03-22,BrandX,This is a negative tweet about BrandY,neutral,USA,561,482
2024-05-01,ProductB,This is a positive tweet about ProductB,negative,USA,373,446
2024-01-17,BrandX,This is a negative tweet about BrandY,positive,USA,103,182
2024-01-08,BrandZ,This is a negative tweet about BrandX,neutral,Australia,975,437
2024-07-19,BrandZ,This is a negative tweet about BrandX,negative,Canada,948,239
2024-01-26,ProductA,This is a negative tweet about BrandZ,negative,UK,182,454
2024-05-10,BrandX,This is a neutral tweet about BrandY,neutral,Canada,0,167
2024-01-31,BrandZ,This is a negative tweet about ProductA,negative,Australia,722,89
2024-03-25,ProductA,This is a negative tweet about BrandY,negative,Australia,687,23
2024-07-29,ProductB,This is a positive tweet about BrandX,negative,Canada,773,353
2024-01-11,BrandZ,This is a neutral tweet about BrandY,neutral,Canada,952,110
2024-06-17,ProductB,This is a negative tweet about ProductB,neutral,India,131,165
2024-07-29,ProductB,This is a negative tweet about BrandZ,negative,India,998,145
2024-07-14,BrandX,This is a negative tweet about ProductA,negative,USA,335,139
2024-02-20,ProductA,This is a negative tweet about BrandZ,positive,Australia,694,477
2024-03-15,ProductA,This is a positive tweet about BrandY,positive,UK,215,241
2024-05-12,ProductA,This is a positive tweet about ProductB,negative,India,237,315
2024-03-16,BrandX,This is a positive tweet about BrandX,negative,Australia,48,120
2024-03-21,BrandX,This is a negative tweet about BrandZ,negative,USA,928,102
2024-07-02,ProductB,This is a positive tweet about ProductA,neutral,USA,12,394
2024-05-13,ProductA,This is a negative tweet about ProductB,negative,USA,34,1
2024-05-22,ProductA,This is a negative tweet about ProductB,positive,Canada,550,321
2024-06-21,ProductB,This is a positive tweet about ProductB,positive,USA,283,146
2024-06-08,BrandX,This is a negative tweet about BrandX,negative,India,581,101
2024-06-13,ProductB,This is a neutral tweet about BrandZ,neutral,USA,395,353
2024-01-15,ProductA,This is a neutral tweet about ProductB,neutral,Australia,46,188
2024-03-09,BrandZ,This is a positive tweet about ProductA,neutral,India,400,137
2024-06-12,ProductB,This is a negative tweet about BrandY,negative,Canada,139,318
2024-06-24,ProductA,This is a negative tweet about ProductA,positive,India,705,368
2024-05-29,BrandZ,This is a negative tweet about BrandZ,positive,Canada,817,257
2024-07-29,ProductB,This is a negative tweet about BrandZ,negative,USA,164,309
2024-05-05,BrandZ,This is a neutral tweet about ProductB,negative,Canada,103,366
2024-04-29,BrandZ,This is a neutral tweet about BrandZ,negative,UK,479,295
2024-02-16,BrandZ,This is a neutral tweet about BrandZ,neutral,UK,111,458
2024-06-26,ProductA,This is a positive tweet about BrandZ,neutral,UK,645,204
2024-01-10,ProductA,This is a negative tweet about ProductA,positive,India,528,174
2024-05-25,BrandY,This is a neutral tweet about BrandY,neutral,Australia,339,349
2024-07-30,ProductA,This is a neutral tweet about ProductB,positive,Canada,359,66
2024-07-22,ProductB,This is a positive tweet about BrandX,neutral,India,915,391
2024-07-25,ProductA,This is a negative tweet about ProductB,neutral,UK,417,401
2024-04-26,BrandX,This is a positive tweet about BrandZ,positive,India,961,343
2024-06-18,ProductA,This is a neutral tweet about BrandY,positive,USA,966,379
2024-03-27,BrandX,This is a positive tweet about BrandY,positive,Australia,708,142
2024-04-23,BrandZ,This is a negative tweet about ProductB,neutral,Canada,145,160
2024-03-22,ProductA,This is a neutral tweet about ProductB,negative,India,184,273
2024-06-22,BrandZ,This is a negative tweet about BrandY,positive,Canada,969,340
2024-07-11,ProductB,This is a neutral tweet about BrandY,negative,India,817,196
2024-01-25,BrandY,This is a neutral tweet about BrandX,neutral,Canada,182,61
2024-01-27,BrandY,This is a positive tweet about BrandX,negative,Australia,472,439
2024-06-03,BrandY,This is a negative tweet about BrandX,neutral,USA,539,193
2024-01-12,BrandZ,This is a neutral tweet about BrandY,neutral,India,281,339
2024-05-14,BrandY,This is a negative tweet about BrandY,neutral,Canada,47,82
2024-03-06,BrandZ,This is a neutral tweet about BrandZ,negative,Canada,50,257
2024-06-15,ProductB,This is a positive tweet about ProductA,positive,Canada,521,30
2024-02-04,ProductB,This is a neutral tweet about BrandX,negative,India,859,450
2024-04-26,BrandZ,This is a negative tweet about ProductB,neutral,USA,90,93
2024-02-07,ProductB,This is a negative tweet about BrandX,negative,USA,318,455
2024-06-21,BrandY,This is a neutral tweet about BrandZ,neutral,India,203,356
2024-05-09,BrandX,This is a positive tweet about ProductB,neutral,Canada,893,473
2024-02-19,ProductB,This is a neutral tweet about ProductB,negative,Australia,132,207
2024-04-11,BrandZ,This is a neutral tweet about BrandY,positive,Australia,616,176
2024-07-03,BrandZ,This is a neutral tweet about BrandX,negative,India,842,496
2024-07-21,ProductB,This is a neutral tweet about ProductA,positive,Australia,281,175
2024-04-18,BrandZ,This is a positive tweet about ProductB,negative,UK,187,325
2024-05-31,ProductB,This is a positive tweet about BrandZ,neutral,Canada,289,297
2024-02-04,ProductA,This is a negative tweet about BrandY,positive,Australia,375,47
2024-02-28,ProductA,This is a neutral tweet about ProductB,negative,India,595,155
2024-02-18,BrandY,This is a neutral tweet about BrandZ,negative,India,873,3
2024-01-18,BrandZ,This is a positive tweet about BrandX,neutral,India,166,366
2024-05-22,BrandX,This is a negative tweet about BrandY,negative,India,176,297
2024-03-11,BrandZ,This is a neutral tweet about BrandY,positive,Canada,407,252
2024-07-04,ProductA,This is a neutral tweet about BrandZ,neutral,Canada,796,238
2024-04-02,BrandZ,This is a positive tweet about BrandX,neutral,Australia,126,332
2024-02-21,BrandX,This is a negative tweet about BrandX,neutral,India,101,119
2024-01-04,ProductB,This is a positive tweet about BrandX,negative,Canada,126,25
2024-03-23,ProductB,This is a neutral tweet about ProductB,negative,Canada,573,89
2024-02-02,BrandZ,This is a negative tweet about BrandY,positive,USA,429,464
2024-03-14,BrandZ,This is a neutral tweet about BrandX,negative,Australia,365,308
2024-05-31,ProductA,This is a positive tweet about BrandX,positive,India,687,177
2024-03-12,BrandX,This is a positive tweet about BrandZ,positive,UK,876,237
2024-04-29,ProductB,This is a neutral tweet about BrandX,neutral,Canada,750,177
2024-07-03,BrandX,This is a positive tweet about BrandZ,neutral,Canada,636,369
2024-05-09,BrandY,This is a positive tweet about BrandY,neutral,India,780,353
2024-04-19,ProductA,This is a negative tweet about BrandZ,negative,Australia,972,466
2024-03-26,BrandZ,This is a negative tweet about ProductA,neutral,Australia,564,480
2024-04-24,ProductB,This is a positive tweet about ProductA,negative,India,139,491
2024-04-30,BrandZ,This is a neutral tweet about BrandY,negative,Canada,427,47
2024-07-15,ProductB,This is a positive tweet about ProductB,neutral,Australia,629,31
2024-01-09,BrandZ,This is a positive tweet about BrandY,negative,USA,279,224
2024-07-28,BrandY,This is a positive tweet about BrandX,neutral,Canada,747,42
2024-04-27,BrandX,This is a positive tweet about ProductA,positive,UK,779,374
2024-01-11,BrandZ,This is a negative tweet about BrandY,neutral,USA,298,248
2024-06-20,ProductB,This is a negative tweet about BrandY,negative,UK,681,354
2024-04-30,ProductB,This is a positive tweet about BrandY,negative,Canada,245,36
2024-07-02,BrandZ,This is a negative tweet about ProductA,neutral,Canada,905,404
2024-02-24,ProductA,This is a positive tweet about ProductB,positive,India,150,205
2024-03-18,ProductA,This is a negative tweet about ProductA,neutral,UK,370,284
2024-07-30,BrandX,This is a neutral tweet about BrandY,neutral,USA,509,228
2024-05-14,ProductA,This is a negative tweet about ProductA,neutral,India,467,298
2024-01-03,BrandX,This is a negative tweet about BrandX,positive,UK,878,235
2024-07-10,ProductB,This is a positive tweet about BrandX,positive,UK,943,141
2024-06-23,ProductA,This is a neutral tweet about BrandZ,negative,Canada,102,321
2024-01-29,BrandY,This is a negative tweet about BrandZ,negative,India,336,7
2024-06-28,BrandX,This is a positive tweet about BrandX,positive,Australia,974,347
2024-05-06,ProductA,This is a negative tweet about BrandX,neutral,Australia,136,425
2024-05-16,ProductB,This is a neutral tweet about BrandX,negative,Australia,373,346
2024-03-27,BrandX,This is a neutral tweet about BrandY,negative,UK,146,293
2024-02-28,ProductA,This is a negative tweet about ProductA,neutral,Canada,10,288
2024-07-09,BrandX,This is a positive tweet about BrandY,positive,Australia,407,17
2024-02-05,BrandX,This is a negative tweet about ProductB,negative,UK,748,117
2024-04-18,BrandZ,This is a neutral tweet about ProductB,neutral,USA,857,441
2024-06-20,ProductB,This is a negative tweet about BrandX,neutral,USA,838,400
2024-04-23,BrandZ,This is a positive tweet about ProductA,negative,Australia,567,289
2024-04-16,BrandZ,This is a negative tweet about BrandX,positive,India,740,205
2024-01-18,ProductB,This is a negative tweet about ProductB,neutral,USA,645,126
2024-07-07,BrandX,This is a neutral tweet about ProductA,negative,Australia,225,453
2024-07-17,ProductB,This is a neutral tweet about BrandY,negative,USA,171,468
2024-04-28,ProductA,This is a negative tweet about ProductB,positive,Canada,825,17
2024-01-26,BrandX,This is a negative tweet about BrandY,neutral,UK,676,93
2024-02-11,BrandX,This is a neutral tweet about BrandZ,negative,India,771,64
2024-06-27,BrandX,This is a positive tweet about BrandZ,negative,India,726,111
2024-02-16,BrandX,This is a positive tweet about ProductB,positive,Canada,263,388
2024-05-14,ProductB,This is a negative tweet about ProductA,neutral,UK,83,37
2024-03-01,ProductB,This is a negative tweet about BrandZ,negative,USA,583,290
2024-02-15,BrandX,This is a neutral tweet about BrandZ,positive,USA,602,335
2024-01-01,BrandX,This is a positive tweet about ProductA,positive,USA,729,257
2024-05-21,BrandZ,This is a negative tweet about ProductB,positive,USA,956,444
2024-06-23,ProductA,This is a positive tweet about ProductB,positive,UK,69,461
2024-03-13,BrandX,This is a positive tweet about BrandX,positive,Australia,403,233
2024-03-02,ProductA,This is a negative tweet about BrandY,negative,India,502,69
2024-01-07,ProductA,This is a neutral tweet about BrandZ,negative,Canada,886,60
2024-02-02,ProductA,This is a positive tweet about ProductA,positive,Australia,587,233
2024-05-01,ProductB,This is a positive tweet about ProductA,positive,UK,932,90
2024-03-26,BrandY,This is a neutral tweet about BrandY,negative,Canada,264,455
2024-07-29,ProductA,This is a positive tweet about BrandX,neutral,India,204,368
2024-02-10,BrandX,This is a negative tweet about BrandX,positive,UK,119,352
2024-03-25,BrandX,This is a negative tweet about ProductA,neutral,USA,108,117
2024-03-06,ProductB,This is a negative tweet about BrandY,negative,India,221,8
2024-02-21,ProductB,This is a negative tweet about ProductA,neutral,India,284,223
2024-07-01,BrandY,This is a neutral tweet about ProductB,negative,USA,524,187
2024-04-15,BrandY,This is a negative tweet about ProductB,positive,Australia,600,432
2024-01-15,BrandY,This is a positive tweet about ProductB,positive,USA,487,405
2024-03-22,BrandZ,This is a negative tweet about BrandX,negative,USA,757,327
2024-02-29,ProductB,This is a neutral tweet about BrandZ,negative,India,105,129
2024-04-30,ProductA,This is a neutral tweet about ProductA,positive,Australia,270,97
2024-04-16,ProductB,This is a negative tweet about ProductA,negative,Canada,571,331
2024-03-07,ProductA,This is a positive tweet about ProductA,neutral,Australia,116,158
2024-04-13,BrandY,This is a positive tweet about ProductB,neutral,India,594,189
2024-01-31,BrandX,This is a positive tweet about BrandX,positive,UK,117,269
2024-06-04,BrandZ,This is a neutral tweet about BrandX,neutral,India,278,388
2024-03-26,ProductA,This is a positive tweet about BrandZ,neutral,Australia,514,375
2024-03-04,BrandY,This is a neutral tweet about ProductA,positive,USA,51,394
2024-07-24,BrandZ,This is a neutral tweet about ProductB,neutral,Canada,883,492
2024-03-14,ProductA,This is a negative tweet about ProductB,negative,Canada,864,383
2024-01-06,BrandX,This is a negative tweet about BrandX,negative,USA,628,167
2024-01-27,ProductA,This is a negative tweet about BrandZ,neutral,Australia,247,71
2024-07-06,BrandX,This is a positive tweet about BrandZ,neutral,UK,322,199
2024-05-29,ProductA,This is a negative tweet about BrandY,positive,UK,659,407
2024-01-10,BrandZ,This is a negative tweet about ProductA,positive,Canada,918,467
2024-01-06,ProductA,This is a neutral tweet about BrandZ,neutral,USA,431,219
2024-06-16,BrandY,This is a neutral tweet about ProductA,neutral,Canada,977,99
2024-04-18,BrandZ,This is a positive tweet about ProductB,negative,USA,314,8
2024-06-07,ProductB,This is a positive tweet about BrandX,neutral,Australia,963,303
2024-02-15,BrandX,This is a neutral tweet about ProductB,neutral,USA,702,268
2024-01-01,BrandZ,This is a neutral tweet about ProductB,positive,USA,475,128
2024-03-10,BrandZ,This is a positive tweet about ProductA,negative,India,538,128
2024-01-18,BrandX,This is a positive tweet about BrandY,neutral,India,261,114
2024-02-10,BrandX,This is a neutral tweet about BrandX,neutral,India,728,366
2024-01-06,BrandX,This is a neutral tweet about BrandY,negative,UK,790,213
2024-01-10,ProductB,This is a negative tweet about BrandZ,negative,Canada,322,446
2024-03-04,BrandY,This is a neutral tweet about BrandX,positive,UK,508,303
2024-02-06,BrandX,This is a neutral tweet about BrandY,neutral,UK,423,331
2024-05-18,BrandX,This is a negative tweet about BrandX,negative,India,294,150
2024-03-31,ProductB,This is a neutral tweet about BrandY,neutral,UK,507,395
2024-04-26,ProductA,This is a positive tweet about BrandX,neutral,UK,327,9
2024-06-19,ProductB,This is a negative tweet about ProductB,positive,Australia,201,494
2024-03-17,BrandZ,This is a neutral tweet about ProductA,positive,USA,177,207
2024-02-05,BrandX,This is a positive tweet about ProductB,negative,USA,90,437
2024-05-07,BrandZ,This is a neutral tweet about ProductA,negative,India,63,497
2024-05-28,BrandX,This is a neutral tweet about ProductA,negative,Australia,217,406
2024-05-23,BrandY,This is a negative tweet about BrandX,neutral,USA,558,299
2024-05-31,BrandZ,This is a positive tweet about ProductA,neutral,USA,569,431
2024-03-06,BrandY,This is a negative tweet about BrandZ,negative,India,90,199
2024-05-12,BrandY,This is a negative tweet about BrandZ,neutral,USA,303,383
2024-01-21,BrandY,This is a neutral tweet about BrandX,neutral,USA,467,0
2024-02-10,BrandZ,This is a neutral tweet about ProductB,neutral,USA,562,456
2024-06-17,BrandX,This is a neutral tweet about ProductA,negative,Australia,0,72
2024-04-26,BrandZ,This is a positive tweet about ProductA,neutral,Canada,510,174
2024-02-09,ProductB,This is a neutral tweet about BrandY,negative,India,216,178
2024-02-18,BrandY,This is a positive tweet about BrandZ,negative,USA,74,144
2024-01-09,BrandZ,This is a neutral tweet about BrandZ,negative,India,219,20
2024-04-27,BrandZ,This is a positive tweet about ProductA,neutral,UK,881,473
2024-07-04,BrandZ,This is a positive tweet about BrandY,positive,UK,882,157
2024-03-03,ProductB,This is a negative tweet about BrandX,negative,UK,140,155
2024-05-10,ProductB,This is a positive tweet about BrandY,neutral,UK,181,186
2024-07-05,ProductA,This is a positive tweet about BrandY,negative,Canada,229,149
2024-03-29,ProductB,This is a neutral tweet about ProductA,neutral,UK,87,201
2024-04-14,BrandY,This is a negative tweet about BrandX,positive,USA,909,286
2024-01-07,BrandX,This is a positive tweet about BrandY,negative,Australia,332,139
2024-04-23,ProductB,This is a positive tweet about BrandZ,negative,USA,948,420
2024-07-15,ProductB,This is a negative tweet about BrandX,positive,UK,56,397
2024-06-07,BrandZ,This is a neutral tweet about ProductA,neutral,UK,37,424
2024-02-27,ProductA,This is a neutral tweet about ProductA,neutral,India,137,335
2024-02-06,BrandX,This is a positive tweet about ProductA,negative,USA,502,378
2024-01-12,ProductB,This is a neutral tweet about BrandX,negative,UK,269,22
2024-06-06,ProductB,This is a neutral tweet about ProductA,neutral,India,73,200
2024-07-11,ProductB,This is a neutral tweet about BrandZ,negative,USA,877,339
2024-04-29,ProductB,This is a neutral tweet about ProductA,neutral,Australia,298,83
2024-04-24,BrandX,This is a neutral tweet about BrandY,neutral,Canada,992,498
2024-01-10,ProductA,This is a neutral tweet about BrandY,positive,USA,223,187
2024-05-10,ProductA,This is a negative tweet about ProductB,neutral,Canada,443,219
2024-02-12,ProductA,This is a negative tweet about ProductB,neutral,USA,459,128
2024-05-20,ProductA,This is a neutral tweet about ProductB,positive,Australia,332,375
2024-02-03,BrandX,This is a neutral tweet about ProductA,positive,UK,217,390
2024-01-16,BrandZ,This is a positive tweet about ProductA,negative,USA,116,375
2024-06-01,BrandX,This is a negative tweet about BrandX,negative,India,492,323
2024-05-22,ProductA,This is a neutral tweet about ProductA,negative,India,8,395
2024-04-16,BrandZ,This is a positive tweet about BrandX,neutral,Canada,630,92
2024-03-21,BrandZ,This is a neutral tweet about ProductB,positive,USA,585,102
2024-05-13,BrandY,This is a positive tweet about ProductA,negative,UK,409,294
2024-06-21,BrandY,This is a negative tweet about ProductB,negative,UK,41,214
2024-06-22,ProductB,This is a positive tweet about BrandZ,negative,Canada,618,345
2024-01-16,ProductB,This is a negative tweet about ProductA,neutral,Canada,479,421
2024-04-08,BrandX,This is a neutral tweet about BrandZ,neutral,Australia,711,53
2024-06-24,BrandY,This is a neutral tweet about BrandY,positive,India,626,198
2024-02-15,BrandZ,This is a negative tweet about BrandZ,positive,Canada,793,464
2024-02-03,ProductB,This is a neutral tweet about ProductA,neutral,UK,343,296
2024-01-30,BrandZ,This is a neutral tweet about ProductB,negative,Australia,24,312
2024-07-30,ProductA,This is a neutral tweet about ProductB,neutral,India,949,335
2024-04-26,ProductB,This is a positive tweet about BrandY,negative,Australia,820,322
2024-04-10,BrandX,This is a positive tweet about ProductA,positive,India,556,398
2024-06-09,ProductA,This is a neutral tweet about BrandX,negative,Canada,156,152
2024-01-13,ProductA,This is a positive tweet about BrandZ,neutral,USA,47,41
2024-01-03,ProductA,This is a negative tweet about BrandY,negative,UK,136,41
2024-01-26,ProductA,This is a positive tweet about BrandX,negative,UK,641,186
2024-06-03,ProductA,This is a positive tweet about BrandZ,positive,Australia,84,155
2024-05-19,BrandY,This is a neutral tweet about BrandY,neutral,Australia,315,188
2024-02-27,ProductA,This is a negative tweet about ProductB,neutral,USA,544,293
2024-04-27,BrandX,This is a negative tweet about BrandZ,positive,USA,54,313
2024-03-12,BrandZ,This is a neutral tweet about ProductB,neutral,India,425,64
2024-04-27,BrandX,This is a positive tweet about ProductA,neutral,Australia,170,309
2024-07-13,ProductA,This is a negative tweet about ProductB,negative,UK,834,425
2024-04-28,BrandY,This is a neutral tweet about ProductB,neutral,UK,93,99
2024-01-17,ProductA,This is a positive tweet about ProductA,positive,India,236,288
2024-05-21,BrandZ,This is a neutral tweet about ProductA,positive,Australia,824,59
2024-06-29,BrandZ,This is a neutral tweet about BrandY,negative,Australia,374,199
2024-05-08,BrandX,This is a positive tweet about BrandX,positive,Canada,256,43
2024-07-05,ProductA,This is a positive tweet about BrandY,negative,USA,936,189
2024-06-02,BrandY,This is a negative tweet about BrandX,positive,USA,289,105
2024-04-30,BrandX,This is a neutral tweet about ProductB,negative,India,782,402
2024-05-18,BrandX,This is a negative tweet about BrandZ,negative,UK,563,377
2024-03-31,BrandX,This is a negative tweet about BrandZ,positive,Canada,768,188
2024-07-18,BrandZ,This is a positive tweet about BrandX,positive,Australia,964,481
2024-01-05,BrandZ,This is a positive tweet about ProductA,negative,India,254,364
2024-06-27,BrandY,This is a positive tweet about ProductB,negative,India,852,427
2024-07-04,BrandX,This is a negative tweet about BrandX,neutral,UK,591,73
2024-02-22,ProductB,This is a neutral tweet about BrandZ,negative,Australia,978,454
2024-05-31,BrandX,This is a negative tweet about BrandZ,neutral,USA,780,12
2024-02-16,BrandY,This is a positive tweet about ProductB,negative,UK,801,84
2024-04-25,BrandY,This is a positive tweet about BrandY,positive,Australia,404,91
2024-01-27,BrandX,This is a negative tweet about ProductB,negative,India,134,473
2024-06-23,ProductA,This is a positive tweet about BrandY,neutral,Canada,184,147
2024-03-03,BrandY,This is a negative tweet about ProductA,positive,Canada,49,361
2024-03-25,BrandY,This is a positive tweet about ProductB,neutral,India,191,232
2024-06-06,ProductA,This is a negative tweet about BrandZ,positive,India,156,195
2024-03-14,BrandZ,This is a neutral tweet about ProductB,neutral,USA,499,447
2024-04-12,BrandZ,This is a neutral tweet about BrandX,positive,India,874,276
2024-03-09,ProductB,This is a positive tweet about ProductA,positive,USA,150,400
2024-05-17,BrandX,This is a negative tweet about BrandZ,negative,Australia,412,191
2024-05-31,ProductB,This is a negative tweet about ProductA,positive,Australia,488,68
2024-01-05,ProductB,This is a positive tweet about BrandX,negative,Australia,16,196
2024-03-18,BrandZ,This is a neutral tweet about BrandZ,neutral,Canada,920,476
2024-05-28,ProductB,This is a neutral tweet about ProductA,neutral,Australia,31,419
2024-07-12,ProductA,This is a neutral tweet about ProductA,negative,UK,352,243
2024-03-24,BrandY,This is a negative tweet about BrandX,neutral,UK,622,342
2024-04-09,ProductA,This is a neutral tweet about BrandZ,negative,Canada,116,463
2024-07-29,BrandY,This is a negative tweet about ProductA,positive,UK,669,95
2024-01-31,BrandY,This is a positive tweet about BrandY,positive,Canada,457,261
